企业代码,年份,treat,研发投入,营业收入,资产总额,员工人数,ROA,资产负债率,现金流
0,2018,0,88136057.94094318,159620.4952532921,108668.4718450186,961.3456064774186,0.016899001814783793,0.7012928397899064,26958.18851225846
0,2019,1,43934603.730426766,68785.31207538629,50720.367695134475,64.07126424150306,-0.014586717788574483,0.5860243216846504,12806.780883219002
0,2020,1,54744806.50863405,134699.45683662448,130251.99103042211,1098.3304749164265,0.06165735813592892,0.5563338629782082,25802.386637142394
0,2021,1,178052310.45575622,737202.5437337374,372367.231472408,804.2494734141343,0.12478998552298372,0.4467444116040608,143032.28867124065
0,2022,0,37797654.23023634,63681.949280957946,45207.394624734225,181.55604724087064,0.049817872653803205,0.7658768597164082,8165.232403817012
1,2018,0,68236961.2598073,38691.067354658226,45208.285279261836,347.7228855005196,0.07515472323354926,0.4985075206185958,7606.516281883822
1,2019,1,198871433.5743138,259984.53409449736,398337.6847222442,974.66820781489,0.05245488075642695,0.34354638339788574,42532.56790975303
1,2020,0,58285481.153109394,109670.54263117052,150380.1461771716,1257.4341520733474,0.04703331040426572,0.6085332580589007,8143.116252568771
1,2021,0,36886470.11308668,29618.238453615464,34085.61534482618,289.3598648911828,0.07757229448963306,0.3569191967383007,3599.6530834692144
1,2022,0,45426866.594505906,85079.99143165775,114814.38412827258,639.1957419787582,0.04129176367434046,0.47261157140084603,13421.3411084443
2,2018,1,43392876.71412917,26775.58571582085,34334.25313844823,36.30754036276702,0.05802176942215709,0.5537059693589044,2332.181559869852
2,2019,1,28132270.57779401,31761.67683395425,34239.12570851324,122.69053823272847,0.05965093418588041,0.737111262342588,4640.13570691832
2,2020,1,63088427.85651079,60839.67116340609,80045.83810491776,524.487728182752,0.02995728639070854,0.5467732901700593,9125.346649555098
2,2021,0,16404979.943775613,11121.36455107974,6027.355922503671,59.25298081341466,0.07976127048609569,0.6511293830158321,827.484702043338
2,2022,0,7056260.964123025,4687.375706105437,7556.010369581641,50.52191642560071,0.044751207299137744,0.7964084194995351,631.6838601254793
3,2018,1,20977680.71139209,39237.48824286562,30493.077356359336,101.79297360999672,0.027327645215214663,0.3657445599489908,6503.3796892535565
3,2019,0,17823345.183096603,19810.963311220297,17758.199920803345,119.08740015995484,0.06609529530711211,0.43736576275975975,2473.088721498277
3,2020,0,99081174.99193199,172290.93912880868,87299.21930461399,511.5619380705116,0.023045960546268885,0.4972880377988232,8927.335559801611
3,2021,1,15256892.79524078,13453.456693998918,20138.14605940946,161.479910301214,0.05084543472107385,0.5109140892694157,690.9126325506918
3,2022,1,7439070.724609256,12059.611686611097,10995.436019864841,21.582124946139647,0.049726430100673895,0.5055105376327729,1248.8258716811326
4,2018,1,166381527.42349708,679262.0833573068,347589.8677232504,2728.3201594026946,0.08257686697494734,0.7538055012782774,128332.38104528819
4,2019,0,53395345.13203846,82116.01580299721,45664.13329978497,268.112356094245,0.06424094698639858,0.6570163222334282,6922.504697306129
4,2020,1,94648450.24954025,112040.23865390506,64927.974223587014,627.654054260282,0.049249191237645686,0.6039526070453518,16263.150796878566
4,2021,1,14360761.215036662,9606.810353911196,10832.456918472593,44.16229651062339,0.07453298897600862,0.45468635893139103,800.3566337851253
4,2022,1,29597407.73160579,23563.75644030562,31155.333534487236,208.54124827074932,0.0917062264705194,0.7118951921106473,2315.1508155892657
5,2018,1,81885553.20692623,102800.63594367041,68398.56389149414,642.1430192020508,0.06673430919055587,0.7775302557424945,18216.921714888274
5,2019,1,11994848.697235355,28496.384073530917,15045.101073087168,28.92552404043715,0.05031057859530142,0.7105991412751133,4540.30654297336
5,2020,0,62886242.902354166,125476.90886452784,93980.03283267049,886.7069088524327,0.010644913029495218,0.30078255259573644,8069.406407002125
5,2021,0,33055803.055959683,39530.140076486314,29121.5454331995,209.41220326669102,0.018046590107738826,0.6182006850917035,4518.504644924291
5,2022,1,49269789.87500745,38814.602360404206,42191.223322256425,67.95037991433917,0.04084325886935997,0.32556769072105035,2110.562034545898
6,2018,1,27848584.661011163,48112.31206122026,29084.249877852548,107.86394614475162,0.03171463393522151,0.4288036101668609,5876.126123140503
6,2019,0,221669631.6165039,431489.0259249158,552790.1989291371,4076.025506753727,0.04439086091043662,0.32976235017388583,64449.40226351001
6,2020,0,22731148.468108587,58059.075238376325,58912.19124525648,94.62213487315846,0.051699497746913216,0.6018977264746939,3934.9766728333275
6,2021,0,16851158.092489947,19151.85994573295,16827.11555269257,104.9933619954458,0.06589078263070193,0.6432949567463033,1787.4955808496418
6,2022,0,116504126.54618052,202660.7041548076,160661.3310408428,660.7916218716819,0.04788503665822726,0.35724381903295255,22226.91280716632
7,2018,1,12616012.375066506,11948.47511682109,13835.425125834745,91.15109652570234,0.06459504931478606,0.49191944152248973,2245.472790928226
7,2019,1,54500326.34470921,51715.825727003576,76928.85510185071,108.59879572289152,0.05193423244430361,0.5281182544777709,10290.84177836312
7,2020,1,13220221.000134109,8072.209013373002,5700.994152559627,50.41863027309634,-0.009263996990616134,0.4845265108804583,457.9904595518551
7,2021,1,16312451.55190906,11347.680052209065,12163.278605261848,118.73063656654644,0.021819938185437374,0.3605125002425965,1862.735167563709
7,2022,1,73994225.8831917,104026.29904771112,75828.8027559678,737.0484328037221,0.04567737332835154,0.5094738950937376,11001.676786605763
8,2018,1,63653991.78124048,106251.27489295584,145242.47933567545,1125.1740954635325,0.01370915771476678,0.675589023904209,11567.441139006694
8,2019,1,54954509.48258678,89849.7023258458,73544.20532663102,159.64800771566067,0.06799786189988613,0.3355038322666277,14658.057615798596
8,2020,1,64230153.93226108,67692.29286512964,52115.72789323948,407.77267340769515,0.09592252497031092,0.3400900070409517,12710.173296235953
8,2021,0,35478480.6251346,24101.662504036416,41717.48253170979,50.94882085261773,0.0865628555509195,0.4773856459179921,4642.92713272254
8,2022,0,11793522.891518114,10205.356735960417,10155.529470567972,12.17761688648522,0.04359671387209376,0.7708628558094626,1393.7291174331817
9,2018,1,26475324.184990164,17708.96859243433,25240.041223798755,98.75145866979149,0.09472178410549856,0.6342863233614571,1834.0855386836677
9,2019,0,36896549.210658215,20499.270179267838,34448.93890144408,185.94809359915743,0.05446002371606335,0.6393349783362824,3446.5907325315698
9,2020,1,84298952.86335607,422580.6241900311,212893.36200520722,1689.0249896228706,0.03988742086645882,0.4809599954189325,37039.27939123317
9,2021,0,91609021.34776798,88941.62987754884,90430.95835939629,646.5504601010342,0.03159792009377181,0.5968303956042692,11972.531018284726
9,2022,0,11139751.664550677,12377.741200164159,7218.134460769205,36.185405680203544,0.040925909405356155,0.3050655920138717,1284.6457695143931
10,2018,0,70756574.91898945,77908.73070567373,88335.80201715544,305.8750811905989,0.03835469544376314,0.6180480232047711,11569.030559456334
10,2019,0,54829745.11517433,57416.87045198742,37718.32250642619,376.20709379049435,0.055112486671264636,0.7566434737881184,4941.286508360136
10,2020,1,23175964.314300496,43590.661830171586,26574.133574057643,128.50272324551887,0.05481721943149594,0.6062867341724096,3432.2825874945606
10,2021,0,70233325.83386959,173824.25755792996,124743.08068305938,631.5097526402446,0.050091380604602435,0.7368492967331726,32633.04700320093
10,2022,1,126648345.84876575,249107.33131938134,206323.25708399218,510.15785460713755,0.0631081450923905,0.6619865277330469,16259.3731326756
11,2018,1,85961907.97733346,204610.62307365367,183053.94008218643,1492.4911157047595,0.08571938824359024,0.3602792082018451,25759.18556628567
11,2019,1,40635200.734573506,22381.14218230085,21871.484114918683,158.41822215275008,0.07848662406323971,0.7512266536429208,1860.4977396428326
11,2020,0,32966392.39228163,78259.9462539142,41313.52259554049,123.40045607275509,0.0054530609465028995,0.33322192217788743,4369.995838325748
11,2021,1,69916802.82957448,155562.51785174082,89100.13402658176,155.16159387717553,-0.026617634047058636,0.5669837362738819,8618.602602105835
11,2022,0,134098888.7364824,375953.73823023244,193040.2803421416,1375.3142647483505,0.07802959733717821,0.3710685618967288,28678.978947888372
12,2018,1,21033000.00368829,23127.15987022993,33691.16495919545,232.1523725510969,0.008993639047537375,0.305853305365452,4163.248477426918
12,2019,0,40583822.650601596,76488.71090469006,47916.21424020767,165.75827258962377,0.043257037943219494,0.5110171300638195,7065.400792951315
12,2020,1,27641708.284733444,30278.61955101586,15873.368251848235,151.71403557963308,0.014896609218219219,0.4475203538270781,5830.719721244313
12,2021,0,15302628.988949355,10999.295271926898,14250.568093364744,33.62451504913932,-0.004059413127400588,0.5430002468988016,1509.5800641948429
12,2022,1,97174339.04296799,95204.19396795068,158741.28012074134,776.4056979449794,0.06624388184614365,0.5885999433672754,10995.33500018332
13,2018,1,142648986.9237274,491278.154162229,304823.44962025684,2893.549788738981,0.07277465480907941,0.32186953615447367,67311.65350009066
13,2019,0,30920149.26694163,74781.72937809023,54917.528338275304,262.37100973302256,0.03270468797819842,0.3615016475618728,9535.026291017557
13,2020,1,160303873.67564067,351902.9441428489,199633.7022333129,1346.875392371257,-0.027731268764347297,0.5793211982252127,57647.48685357507
13,2021,0,104183040.89604229,65577.76117593305,92407.48215521048,423.07375726803764,0.03361266655242552,0.4715836765863291,6057.706990922903
13,2022,1,36348756.74458926,46737.396314144826,27607.873823335794,95.74236218527898,0.0617541201620764,0.6645867437747239,4811.968226370345
14,2018,0,67465853.20835724,74130.16065431683,92380.82612343754,910.486838173171,0.005632652936776145,0.6261458242959699,13648.41117575073
14,2019,1,205513687.99933195,282637.98638136743,379133.581503644,1775.8639921127617,0.05550079759337467,0.7228021814949535,54257.58378022251
14,2020,0,30419910.514463853,42809.416872997856,57354.62434620872,518.8811399435589,0.04954070452481014,0.6462464133346126,7871.955430233776
14,2021,1,386830926.349321,673995.4890454154,391434.07404009916,1201.5426880941984,0.06737874498803265,0.514965538695074,76105.68282472748
14,2022,1,7136076.04813826,3867.255868241878,2581.964636358703,7.5340239230687835,0.0535874110524246,0.6364833111972161,646.0437540436272
15,2018,0,166423176.83934402,206226.20770345064,160537.52666992962,205.521224622674,0.020807931773553338,0.43769058712770925,25046.247166021716
15,2019,1,42317705.9195196,69008.776355036,66466.70880947386,456.2940509169527,0.08589714504993473,0.45315674938910633,8600.631275422007
15,2020,0,73556010.39165659,75941.43788941616,41822.55973242283,180.53699494264833,0.045244112809190905,0.6944925799603967,6128.6271628467075
15,2021,0,67431081.8326708,72770.61780929251,66843.73974468467,586.8361808307512,0.04918086381470205,0.5232097582007911,10091.068496552127
15,2022,1,13868765.703204608,9509.873872402892,5513.292659249088,28.99379500286766,0.022001961227804123,0.6991901702591763,741.0130302342675
16,2018,0,44684761.515651144,53300.15194196379,45999.86471989157,446.8307650807792,0.03670153246425469,0.7112111868341392,5315.874922929129
16,2019,0,61718184.02373399,97919.50314314499,91907.23993469027,245.3674827062954,0.023455918579192978,0.7287811688306418,17454.595034408325
16,2020,1,287524185.08517444,421172.7452159735,352735.17915845476,3110.280718088518,0.044811618202297315,0.7583176179206037,34140.84031577194
16,2021,0,32506055.865013435,30606.132345155314,32147.042606278068,256.8346716376563,0.10135125440427031,0.5154926102566482,1856.9886012786242
16,2022,0,15057762.43749895,36794.59829463104,22692.906746906152,180.14302451384924,0.008842965712059316,0.4594334091605694,2220.595912151771
17,2018,1,23882312.625183832,41121.82372011228,32790.41570966003,282.0975548201718,0.0015931580636977735,0.5910993732970569,7859.107467616489
17,2019,1,96040866.95985562,152357.3544935981,179599.1211101992,1409.7122803644486,0.09413510982480826,0.4855862117188138,19202.826254670097
17,2020,1,91502851.82425302,164282.36606261076,88831.92068773445,589.4871061856196,0.043720289685444017,0.6005370834001165,18302.995881034836
17,2021,0,31097706.97116248,34111.38787000408,31706.841459121446,69.1590862200967,0.029927817840202507,0.6527929313219123,5854.598462336148
17,2022,1,131092695.78794673,145802.45928450074,110848.63707343928,143.29798106574123,0.0811971406218823,0.6442025092460684,25569.9443376905
18,2018,0,33274386.91797796,125105.49681684242,67271.57468790945,624.7935376227125,0.03183153380789408,0.48727644351006066,12489.113476246303
18,2019,0,123180360.09468165,274988.3552875163,191448.47448155738,1253.9593325136682,0.10478029140640809,0.3834301008493764,42359.95108774196
18,2020,1,16620341.002162721,17413.61641296576,25784.692666861294,210.6309158764961,0.07033777614017808,0.5152646692311038,2884.886359027906
18,2021,0,52802640.88344851,77170.83019189943,40408.903530346375,215.52901578013194,0.035362657755628926,0.37129707204095436,11436.532058266408
18,2022,1,42084873.720490344,53916.80661797707,37401.65434475855,76.88933736318843,0.1147192463979651,0.7450485175919042,3921.8686807340628
19,2018,1,16143072.435276883,10364.45774480014,10340.071492858406,21.989941864238798,0.03182855230989985,0.4729387303689287,1879.9308685146757
19,2019,1,44936919.3053277,60555.462834396436,85420.75068126585,612.4742639663133,0.07226286116027922,0.3772298736116619,7924.541164584463
19,2020,1,113572996.96933,138497.66432692565,81900.98745580121,399.0832867586651,0.05897877741219476,0.3127238799528754,12793.148909697033
19,2021,0,71725927.74872619,86153.58949576372,60242.667817422334,168.9639683155124,0.08905223868196394,0.6229111931432421,9802.919654322324
19,2022,1,57671540.33646654,58747.689723142474,45183.86982946225,245.0931659090095,0.09684533590180558,0.6184511587273716,3268.466700354396
20,2018,0,16099160.378368026,20166.46766318421,10955.04225910286,17.285746830734393,0.050960124471973005,0.4703020832906458,1395.1166399662136
20,2019,0,45114682.98090483,60824.115311451,36142.531642735434,225.44780992245978,0.0273974638896145,0.3358559444238255,10025.76134002505
20,2020,1,31838573.280655645,28871.731142943197,39685.556333743014,135.7619324797725,0.06379916428817349,0.5048144474476159,1443.6369444764866
20,2021,0,31837741.97806415,22121.678015043104,22862.819716806735,186.97286909910574,0.02966853890743682,0.4556087475316968,2488.3541702153966
20,2022,1,77975189.68915126,43059.24974862088,49338.359764230736,187.1531096427549,0.11040161742579868,0.6385603198675047,5527.7969449652655
21,2018,1,103653763.82837555,157120.00176825872,97232.57112322355,495.5926008241095,0.05409605993248213,0.6028896247263451,9143.62411348702
21,2019,0,169109431.5356539,316832.6315185354,575746.6973748797,635.9610846390972,0.039040353460636744,0.48229686409877,62087.06883308875
21,2020,1,76711973.75539692,100024.72677993706,73828.00243418488,121.96548351019719,0.055540409175947256,0.40894627712749504,8393.955010437534
21,2021,0,45253400.21142833,134054.67041167195,81557.24692169964,369.65349197702403,0.009586211314109111,0.7940179830777959,12819.622385657733
21,2022,0,61124050.73108438,99392.5220490212,54757.241352587596,291.2783808163543,0.020851578844680457,0.5270008105980575,9501.068030092465
22,2018,0,11139642.010918707,6066.3465044538625,5987.7712394263635,38.32284326926885,0.08601241723833276,0.6441371178901185,512.9854221432199
22,2019,0,30299011.17385272,100447.884797064,57999.13348255118,210.2447249923849,0.03029317163085813,0.3702764837891804,5044.600586523778
22,2020,0,33289392.703193292,42861.61588863053,64361.84399337847,466.9346855912826,0.018592670519541818,0.5427948498296988,6832.215256617331
22,2021,1,456045534.62250596,2036388.3729666702,1150710.9595155215,10058.481380248944,0.06609958257581859,0.31376835993473273,397150.3587852956
22,2022,1,40388883.412906274,32855.96246675435,47532.39902581512,381.14609448861205,0.08557112463988992,0.552727558955225,2748.2048635903725
23,2018,1,44401220.74555942,94226.90001552111,85978.86685555737,116.6363022419572,0.071568599319952,0.7820087035588512,14082.877217921028
23,2019,0,59007996.327178344,97400.32568032877,57431.36584495036,305.79689835599214,0.07988143057417449,0.4921033564929001,15709.15786403922
23,2020,1,21192620.251972076,10676.836664374521,14729.187595144454,28.639014135963937,0.02729614734291618,0.3194980062874558,1892.6167123876612
23,2021,1,133218698.19510974,199115.22531885185,235952.87395067333,749.9538280144704,0.007345679997744693,0.31547789545967175,22578.547434396125
23,2022,1,91932066.56719588,233720.37874938833,147608.62718808017,1458.3678251980316,0.0950400095586646,0.49399337997343473,22306.18783764587
24,2018,0,141891165.28548658,244433.3294394027,154699.272894769,353.09488479325415,0.04031960483473593,0.380012468231597,24148.61237092307
24,2019,1,40171150.03420701,29388.239911259257,20105.22587923373,110.37755700175374,0.04247500950634858,0.31167604816409294,4610.815001010038
24,2020,0,149044436.39398354,496696.5446019259,322337.1005797642,2115.627844541483,0.08984582425547175,0.6781068069750884,85688.55803736938
24,2021,0,13169622.460878076,14631.332906936195,11134.222191272283,81.52683176388463,0.0666869002820198,0.5292615044409453,1130.1548087662743
24,2022,1,103387414.21567531,106274.0564531302,121082.63344897678,730.9562610746128,0.06367663316244823,0.44462238598632725,11226.913668917416
25,2018,1,276093115.32525575,844855.5102593778,829473.7569922067,902.4157106522977,0.11495007034703252,0.7500415915082403,156544.14728516093
25,2019,0,19278073.00368465,14088.290177190931,18239.710829251133,71.83074956303601,0.030694453088595714,0.3580694801002628,2409.1543672873927
25,2020,1,49149174.59137875,56526.04605894856,30346.68984499297,171.74420188342998,0.07783520384243711,0.7779594144776596,11176.82501836156
25,2021,1,36556360.972580135,92790.46292595183,67479.66944633605,120.84249030563716,0.05171039374691254,0.4569833586886764,15137.579922846664
25,2022,1,55485217.73999937,36036.937902699494,32722.860649575043,135.98450653909046,0.05805776836589771,0.7442018361543405,3927.279551597377
26,2018,1,13999645.463811712,11110.904838553537,9313.347662632237,12.096436523520016,0.09585405279237595,0.6014714382397308,1539.9233570622473
26,2019,1,51893615.47228108,124876.73572184022,65008.646932913456,110.98318293554067,0.06523507268868872,0.7133536798707437,18625.632136493798
26,2020,1,20951522.05348583,12216.73396900102,16734.630660671835,76.51591051138973,0.066148882371489,0.7920065816052322,754.6077738901179
26,2021,0,76352257.84319466,145789.55881068172,105694.79386455652,231.94107226000054,0.08217522011929407,0.44420271890937285,19196.773656760633
26,2022,1,16096657.790595654,25006.12402333468,19864.528225176375,121.32990901826676,0.039051418113713446,0.7805677427037965,3910.9108925348214
27,2018,1,300260309.8028096,545027.3317653778,384585.4523510173,2771.009225673537,0.024823709979829814,0.49474094745121017,40930.56916834913
27,2019,0,22441370.067014735,12330.792716476612,23390.752927289966,191.9276840089067,0.018655724179368997,0.49275595236846115,2060.410820146084
27,2020,1,54876497.55845334,73559.52620769874,40681.39658426587,113.96291974731305,-0.008990697681280045,0.47019355212725283,10119.283682520283
27,2021,0,145690960.70601723,301677.79896208306,158930.24286950025,398.4926701431054,0.11168621389820967,0.5707038036737926,58173.51581305337
27,2022,1,15543716.528031865,18423.127605663827,13670.053184075865,26.53508463251271,0.016903749028349513,0.37707252158924354,1038.3890922618548
28,2018,0,74039524.28600562,121535.35054192637,78664.86728049113,529.2471773032515,0.04336239129242685,0.5768557426790055,10913.743297457177
28,2019,1,152757213.93444648,541357.5706159796,287383.05899122613,2114.6454574189165,0.04169560100333238,0.570852406205002,75916.24053465464
28,2020,0,17765917.690610226,13578.674064497,8699.493795516684,11.172545033931364,0.05922220093427302,0.680950906302435,1282.9672614908768
28,2021,1,32391847.25226258,54459.71039547568,74724.30080791927,704.3445503832606,0.0744721163761789,0.7168249809687928,8559.085481001233
28,2022,1,71878152.97701503,111591.25591800999,81785.83596191979,120.04046987696732,0.07581420465079236,0.520220675156212,18284.315704654444
29,2018,0,83856138.33764522,215739.86172196348,152999.11960353763,898.3598843147035,0.03250767684293185,0.45116662467574686,14104.510072897421
29,2019,1,20098936.424035728,15418.833468340454,13570.575300367529,100.17180784590492,0.04498634858640766,0.4296674486585472,1959.3971350021422
29,2020,1,23351570.86838302,19699.881900161727,12276.621777459186,108.50964838614084,0.05847739851464899,0.39731191835243596,2488.75667179581
29,2021,0,69350025.34599642,212989.78725971654,112008.48190901801,831.8626208820091,0.04253926621449359,0.32882379109951243,22447.444266082683
29,2022,0,57251015.94197629,161471.91511847248,85509.4014945017,702.50699839619,0.09822036728059978,0.47122398941735666,30669.770389038036
30,2018,0,59989626.05160643,95123.42446936233,80869.4512443394,327.9298084058381,0.06472924854914755,0.4351238460653916,16563.45646092517
30,2019,1,45895867.75575681,60781.87602571943,90738.5752278952,756.1632041592908,0.07204633358149452,0.7832086929332036,9395.747933565975
30,2020,1,46617141.573587276,52348.747557157105,26475.37498492409,45.565010383968875,0.06988643806002239,0.578854413125022,8226.553086974562
30,2021,0,59245820.349399485,139118.12529905027,79118.69218067674,716.2892043016352,0.08520421572455975,0.47363851951525376,16590.868917090687
30,2022,1,27750389.00933842,58469.30994732396,85108.90647011873,504.5538014024845,0.05543064676111121,0.5902338004968479,11000.952614433632
31,2018,0,27068651.50147987,47797.16296708265,25406.9566246642,212.2923975425109,0.011095041561324605,0.36959835067284774,7369.811773246486
31,2019,1,192149127.75750214,1013990.2784291994,561815.8540631953,2848.892103988629,0.06199063855257925,0.5220218746011014,161576.47037315922
31,2020,1,53623520.814324774,135144.11456533358,105725.3005505363,718.1073078210028,0.030459293186245132,0.6131171607105319,24225.073861468107
31,2021,1,15146122.525069324,19880.93135940616,14334.66205692263,82.24690031037873,0.034141499547507295,0.5444489158962257,1811.3663362616262
31,2022,1,102244685.5188531,144612.5874890731,131645.01917389204,998.4360687439846,0.0675909205626528,0.5008894003271621,24737.52112874999
32,2018,0,28678309.486188337,10822.059844937688,18590.05419014693,32.24760629555136,0.08714849214300907,0.7969241944498491,858.0388156504158
32,2019,1,103560319.86818781,154398.69829509474,153968.2243153358,237.59895316714983,0.050638147302081854,0.7401573810744635,15717.987098749356
32,2020,0,119389025.02955192,409813.53002757306,240461.36107477703,775.2303808593076,0.05926499037796892,0.61170297907972,41121.3322481509
32,2021,1,28100296.846310087,11337.084452741912,22363.405479556128,54.47506684085188,0.10106644833905715,0.5846886805911413,2230.8981037800745
32,2022,1,109487455.95773618,190289.15861537243,190241.83452523555,1682.8891796823152,0.05722259538465705,0.6103302399122921,33962.920075229624
33,2018,1,56906369.33736949,107812.28940070061,98256.54195748031,292.1094170760905,0.12805049342541186,0.4006560539112166,16729.823675557775
33,2019,1,72393700.46914302,209716.67660560066,160567.9011148793,1570.8016241951937,0.06696528936894633,0.4975688716321593,33357.222992721545
33,2020,1,184609016.05702808,1096142.931259045,583121.9261235546,2351.183833127945,-0.0028228827746745247,0.31972976644544965,147223.96462856178
33,2021,1,40650634.42291624,45472.5988272458,44602.01252176762,117.70744252563789,0.07260024863313598,0.5377730187434133,8733.631035130433
33,2022,0,27188984.066890217,24729.21251377336,24234.114335786024,196.47290955179943,0.061434751546483334,0.5715122919788316,3077.2738499658767
34,2018,0,24608475.280172735,33073.449833466,20590.450605293583,142.65825983825604,0.08869258262248236,0.4138748680516048,3541.4274998923997
34,2019,1,22359199.26054153,26505.915636754547,22494.5347354673,123.35466237481269,0.07019544053809876,0.7820144235827569,1973.5059148155183
34,2020,1,38097692.69668494,45680.91629000738,54583.01041239395,327.40374076382926,0.045846320480486785,0.754727305468621,7671.2350026505765
34,2021,1,92403829.03870797,106272.3007290548,90163.71656793887,673.776864189621,0.013271052911319033,0.661071617727953,17021.271999177756
34,2022,1,44406942.14919345,59358.32260936402,83452.17224062092,255.0375720455153,0.04372930228141925,0.5666933143826813,6390.116686455722
35,2018,1,116564660.84761713,123524.14361403449,161558.0660036153,1610.2500911510363,0.024484386373721,0.7349845798238425,6643.006413305875
35,2019,1,38053098.64444012,75870.65247077876,60815.639911017504,594.3596693425854,0.032584296505858326,0.36532617191173145,13341.823824819732
35,2020,1,155034470.42229766,386555.6466988651,342573.2877371372,2347.631163983161,0.0676573521326183,0.6952548971374425,19989.835231656212
35,2021,0,28433622.675592005,81598.2247472157,43582.53606440653,121.85163064040239,0.10009713513054219,0.36241040698342414,12693.009153271407
35,2022,1,476899769.1925377,1634537.593942689,1566262.8663504152,11155.008997216872,0.06184014589468943,0.6971053312747026,319615.13794274704
36,2018,1,117417351.43180211,173903.4482204038,126855.10610582549,209.28373759135172,0.014123508138944474,0.43788378412567847,20111.79452867433
36,2019,1,29762729.661707547,31003.890255773807,21405.665999567696,27.310901017984165,0.06333808004660423,0.7385452905090945,2642.9579620166924
36,2020,0,23278803.436849397,8606.846153149769,16563.040270904974,54.97514880671412,0.08589894459936953,0.7720210469126989,1340.3497588462894
36,2021,1,106339537.45545845,159739.2065410578,106827.0978264037,551.6131085333834,0.031706512870418535,0.3743979847025578,27566.070484243646
36,2022,1,31576149.344597537,35124.23113145827,45791.08303595732,403.62332857290204,0.04597948499981247,0.5313378025326967,4635.15326444603
37,2018,0,91626096.64283752,273844.5226671232,141040.25046452082,1064.0812200335552,0.050440645841875915,0.7904936890813425,53414.82313657459
37,2019,0,53682038.24164424,76384.18267050062,105649.80205899937,811.8509746333536,0.026453050607532804,0.5417037179865734,4411.210094545974
37,2020,0,69790424.2941771,61553.453242329524,54863.59565979291,264.9604439736591,0.06944841301531578,0.7317737612572726,7738.459500692206
37,2021,0,15197195.518962987,13611.515496744609,21673.542116335888,89.15227179066439,0.04637155554176656,0.5943657610656599,2147.4628304889648
37,2022,0,20456222.267439008,19399.12900941973,9722.356733669847,42.18869767547279,0.06258597331721083,0.4876649539598009,3480.1275187564174
38,2018,0,45716435.10194445,43912.581753125225,35037.77546753817,346.4831683607025,0.023375234665937,0.4428917777629351,3376.3655945473593
38,2019,0,184759237.61966878,233093.25776934632,167322.53117453694,227.72307404904208,0.03687625099029769,0.4016115455430436,39625.97555713477
38,2020,1,53475511.88850467,46495.50273515765,77413.1926676937,681.4902789922663,0.07167144073483314,0.6808990956888485,6179.534139379775
38,2021,1,26805892.249781277,21820.055257304626,13428.216292522662,83.36342323778887,0.038815005437246995,0.4932702534115139,2388.926250891522
38,2022,1,123133696.18502852,60058.60864254491,73704.35084902232,364.65513354268745,0.10180891553700216,0.5556377311003755,4189.523635193255
39,2018,0,63154549.94287253,175604.15925805445,95071.15171552381,715.6308813110835,0.03801091443156193,0.546162740000591,31572.63810081669
39,2019,1,13996769.439689327,16744.384262379368,20730.702160391742,111.5316020388896,0.05674054177255658,0.5886395146165656,1232.2356679097195
39,2020,1,34509194.70224288,56597.03168896073,72003.50858330812,638.0093471639708,0.0779777249561927,0.732788572812276,5459.812577124941
39,2021,0,56225910.328939036,35623.00919879683,64205.90490328894,584.6793089455866,0.007449028012009057,0.7903696717917147,3330.9946579150132
39,2022,1,12641955.910068419,18351.835319029695,15190.653898208137,72.84660367410397,-0.002824264359423269,0.5037921042869085,3316.3987934757656
40,2018,0,62361614.962304994,123923.4102508775,91981.69164953957,321.1494934172016,0.0042303105628971605,0.7137594610531515,18700.717881795317
40,2019,1,80165855.90469989,70243.13549280501,117352.96082041533,742.9795449508083,0.08787752310281546,0.6822638973273588,11906.366673766868
40,2020,0,141396052.0217566,365294.77786913,219621.63236655452,2022.994177848292,0.0334442556232266,0.5867644757277866,31988.931211369552
40,2021,1,159201411.81431517,250201.11497032628,212046.83783625398,614.0790971090878,0.12674597857004757,0.7780235718059665,35961.68521417879
40,2022,1,19768592.069159556,14746.904771481228,11462.048866505053,75.72630967354414,0.033072572040278345,0.4002372577642014,2002.0677736087275
41,2018,1,33456875.747710068,22561.85171549762,19430.70745394006,129.87566433941396,0.05553653909591111,0.3546321051548107,3946.6219055637293
41,2019,1,57437315.47824854,122319.59101459898,111084.04107833546,844.0184549517112,0.09626329857703628,0.726980983477711,22740.80934998315
41,2020,0,64807703.858782455,148569.78504135273,110917.63092549893,242.25621439150788,0.11018278664477368,0.5195749083168741,7699.408590846468
41,2021,1,64259758.129865244,81410.30456509543,111085.69656690046,826.7469299620811,0.11184510729909194,0.7234844271035302,12301.340262282365
41,2022,1,1733816348.470991,4712184.158840444,6096819.433286005,55976.683670635175,0.08625098691779427,0.7465451025977075,272248.1826629456
42,2018,1,115688266.26882716,212942.923662254,118784.78589250853,310.8773624333765,0.08072187577434387,0.3312287968095357,28178.481505952805
42,2019,1,164697600.56076062,448907.9941711981,233906.973983203,733.9743368888799,0.0677758084760355,0.7417323814930303,41813.4944265077
42,2020,0,156420204.98752695,199393.79892228884,188113.7507823929,1832.708722468486,0.07335083228499914,0.5241595276847111,19145.092685991644
42,2021,1,66572422.086055025,118549.12019526357,130832.02160889513,343.93024689729475,0.033464428510144,0.555216244502116,12203.894017220246
42,2022,1,76408953.33846974,60126.98627021127,41014.334495793286,356.3926585649088,0.02545403349733079,0.613296255546605,8609.815696579342
43,2018,0,148476275.22123435,165696.50470394234,148860.22607058153,808.3855630741433,0.04989876627767144,0.7631913033650434,16587.46199136517
43,2019,0,27995760.315362453,12744.573403505388,23685.29670852086,76.38696888377166,0.04489446132425215,0.309558047214882,2037.91919511425
43,2020,0,63963627.065865785,33086.58593315836,45063.03975666113,398.2107765290285,0.03640315852018175,0.5384217341589086,3661.9938124237774
43,2021,0,21553017.63862065,52636.0974535266,33441.861837420074,167.46839315690636,0.07089162342370146,0.6438610212152803,3171.481729592641
43,2022,0,48205239.99839536,98315.91743062981,66055.39368574519,372.11356059645897,0.07865915625711532,0.6613534788491142,16474.206065398128
44,2018,1,241100231.21718505,520526.460168933,962789.6933939639,4075.5853636254933,0.052652206588755426,0.6462662157685539,48338.03838305358
44,2019,0,12132358.314578645,5305.556795322654,6369.53513642493,40.36092667791557,0.09432590243165787,0.3672175647040609,609.6882285934
44,2020,0,61105585.07630508,115496.98237607817,136422.53569494287,337.1976077972929,0.01574932657599485,0.4496977941858406,17649.854133844492
44,2021,0,17101944.49730021,13035.328547369487,8645.039390643451,39.07327699441403,0.04419021622160846,0.4793577627085067,1301.8177127728788
44,2022,0,43470734.856940426,17997.42408217034,33985.245755665506,330.4966898738821,0.028495330381915856,0.7022186038397524,1052.6306117045635
45,2018,1,137482902.74985668,145131.3505887397,221181.89944260637,735.0318860328867,-0.005996098512191794,0.4393799362072765,15396.717514415777
45,2019,1,62160565.6781915,109940.0206140853,64675.389076936845,446.9476827796173,0.04751957942471902,0.40535248193360157,21071.90552825757
45,2020,1,15954533.100543305,12613.240846387655,16427.405176025863,64.50566567415828,0.0463475747485015,0.7787240095190481,1844.8146192001036
45,2021,1,25729297.643072914,37536.9964840964,25377.939421039744,202.04032656833107,0.09540349229726393,0.30443164255673444,5657.646390604569
45,2022,0,121442114.3863605,116020.22488241683,135336.19550199076,294.743685499349,0.06892435053664334,0.7989104278409891,16804.638892247513
46,2018,0,30519676.425151393,16179.288257556429,24923.341224400494,242.46396872227587,0.019274395270123857,0.6384106494286979,1291.8970894596894
46,2019,1,56010980.49247138,67133.94345904274,77633.18895829548,394.6953518801043,0.10562277699002565,0.7142346497245585,7569.35746989894
46,2020,0,48877240.60427233,100133.63199714976,63239.615284498526,197.58927969232056,0.08663101086576058,0.44730969817309657,16285.831013056444
46,2021,0,17203680.544475313,48858.43786586973,27394.00801488986,45.51434238373018,0.06746293110405847,0.30715763883353,3185.8601057511173
46,2022,1,274595031.7429305,1369116.8300326583,784445.9153240153,1982.9389724829641,0.043205477034505044,0.6689347592807651,125517.77830399106
47,2018,0,149709923.09364545,140387.9542502639,128117.46620331299,727.4465577907063,0.02121682289829561,0.7170722985003379,12838.178866179891
47,2019,0,6557500.523095161,7916.555423637657,5270.2279560157185,21.25498001126408,0.038833796717868414,0.6702380659767595,908.8430388362445
47,2020,0,57695935.750050165,60470.068182564246,74887.71802262754,633.546372023397,0.08266245859112559,0.3714251436504193,11915.948100452504
47,2021,1,42869028.61168944,25429.993926293588,27061.199881969926,132.0042005221025,0.10653758917803827,0.6767139611284845,1528.9880991415207
47,2022,1,88788810.75562888,307161.9035959405,166528.2097127304,539.2896926089287,0.09629730584816568,0.6844613910538204,39256.87290445465
48,2018,0,23178116.547818687,12017.175526873309,23132.066958045423,151.61461933456366,0.035334517346411784,0.6292702578350274,924.1773064030479
48,2019,1,53331446.37818796,32778.21954733677,52172.78460754118,384.0436041262773,0.016411477001329666,0.6830579663977931,6411.468314600489
48,2020,0,71574261.76685569,89100.44911990999,109752.67835402551,274.7523494594869,0.05422658740733612,0.7229607198388661,5969.331429707036
48,2021,0,210383652.04691964,91340.22189363063,169211.76096772967,424.4800458093226,-0.0030531809668855464,0.6068020571187291,10096.761861511455
48,2022,1,11748295.332055213,10949.75047311904,14180.801354960398,18.861073341688055,0.05969503142554344,0.3443023569848395,1759.435992925977
49,2018,0,53772062.051200174,55090.57348169748,40078.62853524823,305.7044738650649,0.04557192241103994,0.5438139048336055,8576.674797450072
49,2019,0,31769802.38615645,38337.0653160747,33862.57247305726,236.16573279388953,0.03601890494395274,0.3388246673358025,4347.779570340422
49,2020,0,40009388.74324592,50273.37948245991,27337.233622689117,144.11308983691686,0.0021589079819961388,0.5037715155162155,5126.810123422598
49,2021,1,313815605.0730596,859793.4557601514,498094.4956647604,4282.384381974421,0.0654080031970915,0.5035532445628138,94269.35093935549
49,2022,1,63245141.404544085,98580.01035700446,97341.2430169299,803.1656503651141,0.03401897481014266,0.3330049220701208,8836.854031743589
50,2018,1,17646626.502530437,11724.468064912864,13186.37336852027,82.65468418497625,0.014902494928691362,0.47441026698473965,947.336325627031
50,2019,1,61042388.270967506,192656.03743475,180130.04414052452,1587.7457409037522,-0.036167866398449475,0.3554990493956574,23591.878980043875
50,2020,1,425404611.99842334,1058757.86910913,764202.0040561615,2179.9403911031536,0.049174552848480914,0.7041176050046111,95584.72755915814
50,2021,1,142645532.14050457,186450.93139260568,206686.47543962763,414.87692043237627,0.10316754790009233,0.7738440129822354,17362.170843594493
50,2022,0,17676218.026796915,13887.897324950665,9669.733618452947,33.14539560190706,0.0998377764364361,0.3361582376289693,2062.538982808548
51,2018,1,45457636.976662636,37308.69561155497,33487.2186629037,50.692338956669126,0.03628711230241185,0.7775576036458507,7285.664455100588
51,2019,1,166621742.37452656,363676.75642413425,273838.3859424727,1582.929841829122,0.03193363818914659,0.5612882996683726,51113.160694663435
51,2020,0,28880124.96208978,29560.528735737622,25611.497257222218,241.50236433102233,0.06406322768225071,0.44978283897693694,1819.3594990222368
51,2021,0,53568610.22519384,96039.35577033469,101985.2336628745,138.09737535669936,0.02004843682435126,0.33843103763808174,5890.818025717485
51,2022,1,98693764.21879874,291641.58819536696,151684.93675262257,318.3850480039344,0.059053756994583984,0.5503121340352088,56203.266285771184
52,2018,0,35215488.200990096,32392.17732326552,19686.402226830007,99.8059498431545,0.07298240835154071,0.6972577722453743,3064.093265594611
52,2019,1,66482484.22779555,39589.46549229143,55746.48136078713,524.2886976821042,0.08680799671652922,0.6535432386333491,2526.205689888287
52,2020,0,3347618.0783975604,2207.8309066567394,1224.7342882710057,4.709599288172111,0.04699537770560142,0.32511300573198687,308.77991842924285
52,2021,0,21745217.87645054,21561.851996771988,17513.63204027176,97.4653462167471,0.043889787494691024,0.33645091768395174,3095.1459981579574
52,2022,0,33889310.17766471,81444.4897510973,44219.37048488049,60.764301393065544,0.023660522397303173,0.5014366413163185,11994.796113908918
53,2018,1,26957963.039595425,22769.124513739098,13395.313442159411,31.279246507263228,0.025193589378804202,0.4476452470239716,2051.7327358141583
53,2019,1,240125777.68724823,483114.00563303265,424596.06672196614,4194.869492381592,0.0432056332429542,0.4161921615280239,25250.727758458263
53,2020,1,26568201.374615893,5744.030239915208,10762.577465646164,104.24706007107363,0.06102096520448534,0.4405022494543568,1118.6631316151754
53,2021,1,29099299.4407031,31886.297538069288,35310.8872469712,36.88080323496533,0.07740753878699749,0.7017413716484423,2794.3224226743005
53,2022,1,58853448.19768507,91930.24110280558,70044.68627706937,670.0689074201618,0.025904631479589657,0.7646140268159269,13918.601003016089
54,2018,1,188469363.75206035,489549.7522275998,337569.9229270905,2279.2989362729986,0.09478065706878566,0.5025513472637833,76367.0592687415
54,2019,0,17258280.3144044,9479.29446949159,10688.946173652894,94.18313357293113,0.04186629196872294,0.7530555010662485,1341.3307137351424
54,2020,0,113077833.5606638,171432.49630566925,241783.14360288624,1231.3190299529801,0.04935898116954692,0.46074785062394097,16617.99917066564
54,2021,1,48577261.63427048,106219.53323467702,60613.90936671249,341.8845278819687,0.027583649625565303,0.5382184931718959,9630.334292207144
54,2022,1,36615891.73492426,36445.36141864232,18438.37959409213,99.5602288845504,-0.022727207808188238,0.41301449890799985,5089.603556666012
55,2018,0,93662527.98225804,134326.71666423747,104247.60534817433,729.9186228214006,0.0765213618908315,0.6202380210879219,24167.30325025551
55,2019,0,41317081.30830211,57593.49355884701,76029.11474723958,171.5871661994129,0.072105316912773,0.7894905575874045,11058.53011574627
55,2020,0,43282112.32205574,26469.18264461572,29136.289771840708,36.9961625721346,0.0415601732864536,0.6017465480216893,1743.9451442139873
55,2021,1,74147479.45054832,34348.68918384063,65105.382286301625,245.5364513685388,0.05200972151674616,0.4789070420567744,2515.1584428246842
55,2022,0,41531720.50660898,70568.2960850406,37707.85411745144,276.8558487232824,0.06547817653112298,0.6239087229952642,13528.679009063715
56,2018,0,50683288.258606575,46424.617220764296,68611.86886693479,193.2577521535153,0.0031236242934037234,0.3614603392326938,7450.235767795862
56,2019,0,106601162.18032613,180872.23539821213,132529.00543904374,935.7729810095617,0.03412841967961116,0.7443295401326993,32999.971810877374
56,2020,1,160672847.7899339,365893.9135627628,401603.34615106997,3907.282654851267,0.07382794038865481,0.5515419753899182,29416.002806034972
56,2021,1,21130595.91991596,18047.320871803673,13556.49980105091,25.013185115311007,0.012371317304922524,0.524674871019821,2493.018656937632
56,2022,1,190243463.32311505,1143656.8617167172,774242.2201831274,5461.054836013593,0.058806737964998884,0.5929323942267596,177462.30931235885
57,2018,0,13721705.213107228,10036.936591881746,5753.103000963983,28.72956946619997,0.009302545861297855,0.6123919313947013,1525.7828100365484
57,2019,0,25695268.79953322,40403.9291877879,49904.07221661552,439.8185760273695,0.0639928994730058,0.3358879031132565,4493.8362617374905
57,2020,1,126131544.3877473,62648.09438559329,121294.97256481324,314.68138222276133,0.048930755531075495,0.6413086106117012,3277.073813439627
57,2021,0,52022079.889971524,59165.775444310915,83884.00589125988,606.7861610040715,0.0015460455228347228,0.4209658401577648,8131.679598843347
57,2022,0,30598833.937195763,52468.135958837694,28360.72589963305,242.28674791764763,0.08494218063371514,0.6569763162532949,4615.371693301905
58,2018,1,38095806.32000116,84460.684145536,46641.84131577322,443.1687600797466,0.027962252696058527,0.7112673971920984,9927.351457575964
58,2019,0,31522334.84188995,46262.8985014877,33136.77190462306,236.90247851408006,0.025692426889568572,0.7019792537762601,8958.215921240517
58,2020,1,55820967.731239855,41348.364788418796,29518.19971725643,161.59953552268175,0.05601707591692829,0.5762504837039446,4542.336921022234
58,2021,0,51038454.775007896,248539.31034483606,165963.392585415,1088.8236093353783,0.08445912048286146,0.5600849461553756,43735.52233927109
58,2022,0,91230341.66890793,70122.28533210592,91896.53312082699,810.5407342858289,0.019525345430648097,0.37143798066970585,5489.248989560858
59,2018,1,34097125.24807823,48791.51675549668,26069.16521962998,159.9470430691597,0.051850395495439155,0.6876730752015678,7361.13098629451
59,2019,1,73859430.11280182,198809.84684706666,176225.52583465417,224.42030599745107,0.0628644950099172,0.43570469022335717,39076.282789432145
59,2020,1,53207481.957026854,93042.18101730442,86574.39880635412,811.9413115040402,0.07079316821789433,0.5483477114089732,6074.162501240358
59,2021,1,192306732.8422152,203013.04182944546,158805.35400233298,1144.3102121271434,0.05529324665831676,0.44213704646375834,10404.010608380398
59,2022,1,63893729.60888795,72709.18626009444,127459.58466462552,903.5126212056724,0.03898916482750033,0.36691418149984656,8364.277117309222
60,2018,0,16190727.263707675,16593.34556896736,22141.434289624383,65.1196492220934,0.025172293380538415,0.6147788484458683,1060.212275762948
60,2019,1,46993618.874095544,49127.941053212075,30570.254859445966,211.85092559323004,0.052584316491391246,0.3271660174114519,7971.384385066657
60,2020,0,91791931.64435802,91625.47981676208,146789.12707132954,667.1242376853072,0.017835829640431795,0.6743226170631,17150.668011973536
60,2021,1,75456286.04102382,174955.70824850106,124547.73294033816,854.5340510988843,-0.03764051450483821,0.4587933976305583,20137.952413669693
60,2022,0,49581230.03736318,50684.82250180934,58391.06072035646,114.4077816660826,0.06309679412473004,0.30006734650224265,4501.1541743604885
61,2018,0,40102544.26624439,74712.19172953448,68926.28367656705,477.01177239986583,0.07711804523258586,0.5555645696186149,8603.893195111918
61,2019,0,195217254.18658733,258820.82785164448,277395.03127879096,2772.4866467642546,-0.020887973066255144,0.32342595426380155,41027.54586109267
61,2020,0,40959048.11189832,30426.6520064731,29440.140151048974,42.21446278025228,0.019708078858701877,0.4380847789104497,1562.655773866104
61,2021,0,98983862.51362589,182231.9322447031,115441.2310536785,1130.6969480771245,0.06857462783015594,0.6534882437278581,25224.197533206945
61,2022,1,52025720.03112443,44423.349720356986,46974.905711764724,219.00507350667456,0.11172486409135096,0.3313448108109329,6307.838135768702
62,2018,1,72963283.63496634,62230.217071933155,46109.88154017694,407.46292755193934,0.05062381123026224,0.7196692461780012,9064.032557879844
62,2019,1,127251378.61731113,271716.68122428085,223805.40428126988,1799.7243003524002,0.02815991176312597,0.30190996132929154,23450.049514524257
62,2020,1,85074887.85503359,241099.43725559342,161215.88055081406,983.9241127651768,0.0445131067668548,0.4234119346009511,37878.62832937321
62,2021,0,125411683.1502768,302798.23366941937,158928.7969854918,1215.1763971363011,0.09124629257444555,0.6704520280760358,19290.888778523688
62,2022,1,343960092.4770597,458568.19021514995,286809.8032432341,2554.511680789865,0.030621074626263945,0.4581350748646534,36635.26514432923
63,2018,0,35114063.30508384,50498.0032890769,61402.42509148847,284.73918753113696,0.026024239800492396,0.35094619403300675,9171.47295975752
63,2019,1,68590045.85044546,74207.84311211025,135719.2327302926,535.1814406128137,0.03551769433453903,0.4801169594002139,11933.249906465633
63,2020,1,47751766.72449739,36862.668314234084,41261.283431348056,289.1731225190387,0.021400141752238633,0.43519664319226276,1919.1380854590457
63,2021,1,77216764.71976984,123030.09253363205,88344.53530081331,730.6635043198481,0.05368010947984387,0.7213559510802774,10735.167771149705
63,2022,0,29094340.68970591,29559.35957960828,51217.07926304786,402.5952427831213,0.09874035375408682,0.45667395879257155,2428.625728029532
64,2018,1,77190632.74320011,83714.59978750137,67264.9890406233,550.249326163045,0.059692378193480874,0.6944662358880036,7586.296495105765
64,2019,1,171923623.38900667,170633.3311761455,122294.63223003646,601.720143845327,0.042429394936211375,0.7459360724053674,14867.958799016029
64,2020,0,25953240.7625392,22460.198909942403,22429.56379918463,187.52254635886885,0.04124566193253368,0.5169087097882648,1333.6629014200503
64,2021,1,273571139.7097601,1221380.2978291896,737384.4897212916,1535.1471263103028,0.0031042757391002915,0.754971571927196,145150.15061849548
64,2022,0,12080740.566354435,11814.799279346777,17903.994837358194,105.64076482735804,0.07649329331441478,0.4886590269815964,1889.3048034458657
65,2018,0,17184194.00106811,8545.026491984938,13946.357815351712,14.669168873947127,0.047664884089615944,0.782039208245054,1204.932123784978
65,2019,1,196664565.1956731,382659.9320977365,240321.5382072502,942.3662315044387,0.04458560259228123,0.34464476226278645,57755.15065732161
65,2020,0,113929532.03222552,192473.4833102973,154816.40852680508,665.4247367548983,0.1457932270353458,0.6435096332516214,11966.533924610741
65,2021,0,89426989.54414149,194057.88415360657,126619.75009851558,578.0893349652974,0.05896258725097059,0.5469070202284643,37399.53530898831
65,2022,1,81746407.70659654,146638.1636750947,127263.44807119199,923.8314407653221,0.027446268497144474,0.4938244027278235,25775.143599450304
66,2018,1,33737479.67275563,51307.15199761135,59000.657835722275,265.3273100768686,0.03720927211383371,0.6163559393743004,8761.391301309914
66,2019,0,32808568.680086456,35264.69223472996,20400.093317661198,102.78061927051296,0.08445337127590265,0.6519285458171655,6116.5752015812395
66,2020,0,75816754.26861317,111421.7898146048,65576.0272468078,205.77083083361543,0.05339811231613294,0.30218163482515453,21159.73061998651
66,2021,0,18888939.172473285,40966.71608973773,26566.4905322502,115.8104022284468,0.0068516606504790065,0.38347654437359935,5392.780461060926
66,2022,1,200547157.970994,175233.12603042714,192941.7637452929,587.5899883142828,0.07757686803725611,0.6565230253171593,14026.06291331525
67,2018,0,54509368.90849256,69527.73873050192,50187.99542876892,83.25000561622542,0.029955677433830184,0.6331927067891032,9908.922367529272
67,2019,1,37303049.06175635,23156.429437578496,22234.565552449003,142.99132131609153,0.10619893328652637,0.7830237525643386,3738.1939051696068
67,2020,0,22687338.590213563,25950.260448691737,40714.39482142707,285.5673121673239,0.08240144197143945,0.6805188951253915,4169.885304508088
67,2021,0,51802055.37437322,184359.65909732797,98274.29191551959,646.1940678388755,0.03658034313023747,0.775386353865669,23638.107604672452
67,2022,0,27015835.246678405,21467.5191888579,30440.539543420073,157.42161845947908,0.08843049085205339,0.6512702507674035,1293.8217900836287
68,2018,0,32319857.291649513,42978.11995801389,22322.167574218387,98.62094402141273,0.0520356653158221,0.44902610431972156,4541.366455773854
68,2019,1,105564924.7988306,93768.1705087461,80211.69882001611,703.4568269457814,0.07558321025366659,0.3526824611254282,17639.198576610102
68,2020,0,70231855.71527334,62476.4317041756,80334.9369252431,455.6385591368892,0.06454198451883425,0.6909119316724678,8600.963944464738
68,2021,0,31196099.703140195,42781.866786593666,32586.982883261724,173.12280768186505,0.024609300350273797,0.622074610737958,5593.720161829789
68,2022,1,31164186.84638334,61559.51420242838,34021.7067346344,41.87318832106516,0.030693505030476145,0.3240930061966481,5560.549470668933
69,2018,0,93897554.78255044,126427.44240607249,79099.34909458556,322.0316785011182,0.08089882452743484,0.48002523295048916,13308.680310653559
69,2019,0,12012732.496155558,18010.309016580413,10533.319421930391,46.57581648133961,0.03995674003680377,0.7783999077421431,3319.3344121943214
69,2020,0,26318458.895075817,16458.445709208703,11059.482356244273,50.756443933622194,0.037890546102740105,0.5502005728551006,2468.264168197566
69,2021,1,30618161.834143374,38894.942197911325,25282.47974166549,157.2962452866424,0.021346322619519416,0.5163645680098523,6538.553043833153
69,2022,1,84500249.8281633,82206.02528644894,46344.755652927655,268.9118724474615,0.06270797196780384,0.528849802579647,9712.790964944748
70,2018,1,75377667.76795147,76037.9925557562,86950.04859942713,562.6664448594906,0.11187574757729435,0.40444136200258185,10990.309634981817
70,2019,1,168134537.55675375,433999.97769229615,351662.595837431,2772.4900952359812,0.017974012572371814,0.4843535854323976,37869.770982667425
70,2020,0,82456870.0143607,139391.9910476612,167575.88087978575,1393.7070926522604,0.050726583700182744,0.4849066279935883,21719.938013285762
70,2021,0,44019809.27812183,97922.23410312948,49418.18555336296,368.81324043337736,0.09236661666246287,0.3261775100937362,11176.863390412762
70,2022,0,61995888.10673356,112135.88624445796,58523.317907850535,561.8070711495452,0.04761075826262855,0.6837838142589592,13050.579338312109
71,2018,0,19091452.54681841,10052.832963383444,17979.091213241933,20.929338616163456,0.06357115388749202,0.5082522159519395,1481.7709784242581
71,2019,0,43795108.65870031,91255.63229665121,58558.65829883633,161.73912379353158,0.018128194155593615,0.7110899434082116,17378.91363271983
71,2020,0,41240338.470521584,79942.28008491249,42345.16954718446,45.22743055610674,0.06284921291622945,0.7251740005599476,4764.635997415379
71,2021,1,71297350.44688238,67983.32155589823,88191.1831229518,602.1052328743571,0.04438567204986354,0.405997027349329,11809.48378363703
71,2022,1,15659253.272439847,29996.83270564795,22188.354712674896,201.5207379789591,0.0795718998703959,0.6286767410850642,2815.4267226311304
72,2018,0,97878219.9478976,209165.55292245193,111660.22312203252,356.3458111798028,0.08562158154694254,0.5361409020814909,24386.176369351564
72,2019,1,116610608.6047539,207548.2561175854,376731.004410223,3519.914901067001,0.12768690926055842,0.7400783689607425,11059.623781826933
72,2020,0,34270408.47541211,81246.50758704024,52548.2892913234,81.05082362924385,0.06738899519640727,0.40787033958822705,7731.166746374145
72,2021,0,40634863.82576767,91726.46395954868,96960.02571530687,912.3864964106534,0.059773889497464996,0.6389066001550221,11502.01118228581
72,2022,0,57569752.18896835,258576.2841001269,137059.82523675854,570.7999217978519,0.05583152904732008,0.6038760611263613,15107.684405379661
73,2018,0,26445086.040503632,72383.7604857557,36994.903309156245,70.76338698727584,0.03940501121567935,0.4476507387859164,8951.291371975065
73,2019,1,54060862.589841045,150145.37422209894,78347.62841181956,420.94972881256547,0.060154515303850735,0.3683004518255863,28387.474558390055
73,2020,0,91779334.0989632,73631.09109439167,60785.763096534916,201.2609996243363,0.04113795769582912,0.6258198802386383,4845.587201203618
73,2021,0,50681382.65251923,120708.90634837856,67319.91046135307,239.9184747378352,0.055053829288088434,0.6692987290661654,19876.665955541786
73,2022,0,30033787.06558593,41838.48544109084,23680.05139454757,89.16983085689625,0.08952792606823878,0.457813671881675,4662.926732400715
74,2018,0,55751611.05825377,60344.90063455627,61661.32617723001,507.3021025124356,0.01980372304161077,0.6224163020111568,8947.703936929462
74,2019,1,85909286.832071,189741.86329446762,108836.05533954079,636.95773424603,0.08419635683387136,0.4975654538057516,16893.75971459299
74,2020,0,142971287.51646817,189758.2694424246,341592.00271069614,1298.6539864363199,0.08951345202019595,0.6566034416413089,14027.65983151698
74,2021,1,93498396.20842138,263970.507420308,189306.93874921117,1229.1707199535406,0.04645794419026764,0.39960763744702654,19552.135027690125
74,2022,1,510056916.4395619,670256.6547178135,793190.6985043838,5905.587180197707,-0.013655646970257826,0.7451075013180872,40599.98708658929
75,2018,0,40657931.20532717,16232.491258295473,23841.49727900107,82.33937662411145,0.03176534038716703,0.44370479823278985,1263.6508400808918
75,2019,0,55442934.8418337,104961.65527220193,170550.16649406494,805.3279795616421,0.08890983639683328,0.48389299387807644,15705.717680459007
75,2020,0,45523084.153942764,115227.9207681323,74608.5511938476,156.45225470477723,0.049313958131033536,0.3290459760401749,21000.702432933092
75,2021,1,324308644.50500983,836957.13550251,828824.3416944959,2180.0932550827038,0.020020933031152682,0.3557561061606382,144056.1020378349
75,2022,0,20257914.459312785,36025.493216117,22698.226157478304,161.83972996021947,0.034856752363153484,0.5579309513561641,5503.619875682685
76,2018,1,25231454.169300437,13071.988975350423,21858.251874386307,57.55157780681775,0.07521860079513659,0.43379633836398573,870.134063923122
76,2019,0,23500705.98852466,28375.782842952172,29165.1220930953,167.01320992435103,0.06640200704604138,0.7177401128710972,2649.677168697874
76,2020,1,18983775.473190892,6128.894123640777,4681.271924979246,34.55441715159365,0.042832037024909175,0.3073466943274769,591.2607368261475
76,2021,0,49625341.810160704,53717.982687504016,31859.59826446971,62.505100766340185,0.03899526764555938,0.4895470243359681,4699.976572256519
76,2022,1,31372426.322189882,23551.07719674369,24077.686184817183,147.0137765221486,0.038247255528685346,0.4686727733845463,2996.894567124725
77,2018,1,80776262.4120409,103187.9887413158,71716.24312167762,237.31371386879016,0.02232769446504493,0.3096638154588005,13448.807590091648
77,2019,1,101909464.17687024,165025.99584553647,90229.09102250967,872.1852410870013,0.09846127068408325,0.3621841995002551,17085.619310664504
77,2020,1,245112130.34994206,809952.348650405,568868.7433993166,3044.5347832312777,0.040330385923659805,0.5068213374593176,83480.47143936435
77,2021,1,94170451.64698331,159106.60180591652,187307.81383033458,1546.0261359876329,0.0865147556247649,0.5464322922237232,27729.629928811726
77,2022,0,27081023.93790069,16078.133449085766,29962.911521657978,178.34041431712095,0.09563948155767354,0.5021448736274345,2707.460034308226
78,2018,1,33329420.534658276,36773.95575186572,20371.708812402983,28.331196115548263,0.07994932694443882,0.565468839206047,3536.528331818753
78,2019,0,67569808.131428,57469.57563486788,108044.99133654527,723.7245053535461,0.03705139061845855,0.5975658374528408,10750.733895159769
78,2020,1,12949388.707724672,22251.847931960423,12279.91342475908,117.42826949367672,0.06211190271009828,0.3049619105639178,4292.876626442229
78,2021,1,215569891.2063501,697340.6702537691,539150.7627441346,3458.3860081141693,0.04927413180827252,0.5320475797267519,69044.66300163581
78,2022,1,167681003.66755366,470569.501183825,246551.98552772714,2064.3057438525507,0.02288894417809616,0.7817496204437941,48545.71076328884
79,2018,0,35644434.68071831,57904.088622210926,34097.836566944716,305.4435838751566,0.05973077845164809,0.5595161400647743,7286.947155634803
79,2019,1,23939705.608778637,15303.473793904797,7663.611026925241,23.39484292486314,0.014628806265205928,0.6387711337294766,2925.5363434213596
79,2020,0,100593999.01300131,311882.12800842756,303958.61887418036,884.0343289752917,0.08563038165384691,0.4559319289584416,56590.361843955856
79,2021,1,65363536.8502775,86146.23716334572,52185.09442585303,339.1419997861636,0.03606148108104821,0.6869956890763813,5632.688462680351
79,2022,1,252229396.1556146,291652.80730904563,264442.6213857269,1242.6836355643688,0.05603478967618518,0.6864607409380575,31763.79393420378
80,2018,1,26215339.499288265,10779.319654476612,8836.859297776557,75.63248476550116,0.058498636146384266,0.5606480238270695,1433.7107240074542
80,2019,1,28016636.41745793,42035.36013168969,29165.73885411224,265.4142932713117,0.04223285078887768,0.7880069116396068,5274.171208232206
80,2020,0,63754854.286306515,109087.34227603149,60252.08398165284,251.90145562158347,0.06760081404425825,0.3627751073813267,8626.568140808578
80,2021,1,79112491.46727422,125180.83765776645,63346.61256134798,198.391140300266,0.03575289030132427,0.3084738324447905,22385.152304293515
80,2022,1,44938185.42068504,57650.623197371584,34888.810272823175,279.973269802789,0.07613891892371732,0.6850791058785479,8736.439860991233
81,2018,1,81604106.14875829,142438.94068031103,126426.94605841755,439.1129365533636,0.00962060959259755,0.7035777686824413,25024.564229173335
81,2019,1,23179873.178831577,18823.715704483446,16628.202602911366,139.73558057362314,0.05379138738639236,0.3601036145602881,3365.955982970183
81,2020,0,22198232.617761977,81074.49823014945,50470.51674681325,242.94711439022083,0.10816786997174854,0.432791416479303,13154.611211539222
81,2021,0,64043786.220226415,59361.2363244462,69172.22983185462,484.7554653540437,0.01999006026183276,0.30877618168331444,6878.874460770297
81,2022,1,82504554.65784204,73896.97846022277,111004.56447778537,206.44826761797836,0.029667650884254458,0.44665430539028234,10462.4829836612
82,2018,0,83245182.96631078,145128.0630872411,140637.0663909736,930.2767737594781,0.06541723548976745,0.6865709369593358,10747.431270815627
82,2019,1,34450349.44138488,14454.79505164671,15528.455985571973,78.6657466203477,0.05538745345818794,0.5589802638562895,2183.3507196444525
82,2020,1,12449585.740006775,8972.53353592055,9500.1512177254,59.655973169605964,0.06051890297820678,0.47404779658414403,689.8800540775734
82,2021,0,122047244.48876859,235903.3358204069,277399.0011996143,696.861761941541,0.06467561390442991,0.48586964745316513,36350.92028490306
82,2022,1,119823001.42640954,50239.126664195835,89212.53310642482,680.8578934012177,0.0690416440568531,0.30067681285773407,4242.177995207547
83,2018,0,17777962.65163508,12847.47459909767,24387.26030133674,213.75857255685074,0.08329099525868669,0.44990026378261794,868.9093313705121
83,2019,1,174025489.4614377,763202.5084590231,385147.7749355314,1136.4394406399385,0.06229455970785538,0.6232293708189652,57081.956045922525
83,2020,0,52669952.101422556,78534.44854808121,68789.71772985105,128.04731304168178,0.04276227036144373,0.7870972219081785,3950.190113533495
83,2021,1,196728087.32587513,265365.2192817648,246509.69957431682,298.953966276113,0.07017721103608195,0.7235304134919498,41877.53540881733
83,2022,0,59573935.716225445,98655.01788264177,64927.21665272902,440.0600209001461,0.10699645804685647,0.31179748232276455,15771.006682950088
84,2018,1,179438414.86566612,587368.2930614094,709912.8605448505,4588.767634560396,0.046020987608522794,0.7492803023374197,74736.74306991216
84,2019,0,206500807.9433049,947237.1203868723,492086.11514056125,2913.285968959327,0.02076412085988076,0.691599206649313,70289.18127073284
84,2020,1,41955791.56970235,74589.09414980715,44411.024707687175,137.12009865603306,0.08321242007860918,0.6901880617854902,4664.2910595717985
84,2021,1,112854587.44342966,121827.64258599697,192121.86076161647,868.0361466077793,0.04638856508139205,0.5289978795017858,6440.947662224049
84,2022,0,97334992.37556067,146305.5094924663,129891.0290057551,824.845315077875,-0.015180086380421079,0.4990026464772514,10952.756196374929
85,2018,0,196217471.10605368,562680.6046067057,309389.99166521727,1692.6422405631686,0.07542265031451265,0.4514578644165963,103324.0998865674
85,2019,0,14458937.410542855,36058.73620168874,18809.020494919587,186.02252334367918,0.03394015442138232,0.3328474294771829,3109.3637987709362
85,2020,1,142076386.38546917,163816.3795913594,136388.3693414381,303.8675276224974,0.04728400153087518,0.41411768174684954,16896.135912230486
85,2021,1,157471812.10469398,302806.3301848731,213226.3132636841,1547.2343072677502,0.05995940991707044,0.4233018174890123,19925.208442844658
85,2022,1,18263056.948364902,5445.608772330909,7255.482117834612,33.657230444805116,0.055714990393371994,0.5420385348551008,453.9143393810829
86,2018,0,23596823.677376233,28755.703295344072,14473.718763866005,70.25248597492762,0.07128355451417119,0.673722203298347,3677.3853199183973
86,2019,1,11808743.05862917,4391.674453899331,5181.870584098152,38.648359361806115,0.036935408882904704,0.5369049141989732,619.9415125909595
86,2020,0,50805293.799949005,82947.08182377956,43334.8222011103,313.39419973047427,0.06539317394528249,0.3289222247235803,7200.042863008735
86,2021,1,165424405.01422283,208845.34734076494,141640.96325857553,1405.2630473129057,0.04221359967248249,0.7788949004941019,12250.83129395354
86,2022,1,247609274.3766318,512756.29543654,363243.41836291837,782.9888437592684,0.07216431442662509,0.7713621595470561,55713.49957697995
87,2018,0,52720558.58664252,83047.56090761963,65441.620656529434,126.7595582916755,0.0684610245203916,0.6925947715742042,7069.880852147167
87,2019,0,365333577.74063957,357577.8256770567,422666.4677489394,3178.0500313521898,0.021936838938662145,0.7956639507821103,29655.033456959838
87,2020,1,21715950.426676027,8740.537235598358,11428.645549285222,70.92025713257611,0.08257946348525097,0.5722411664001315,1695.4843470073317
87,2021,1,15309035.460571202,6441.326652667943,7753.821307584991,26.885956670243132,0.033921096646578566,0.7813841751266031,917.5352445402328
87,2022,1,34636909.19789128,43671.11008742355,56013.20588683665,96.05000708608146,0.07424173394843436,0.3378025203083754,5831.480473933423
88,2018,1,50557039.79625589,158471.31343920217,94928.43194509696,168.11106180125495,0.061018619402040224,0.48284037413068565,17806.82968455927
88,2019,1,51925794.92045612,59020.622999502455,57570.542577770946,520.8820269803149,0.10514551030385368,0.4126906340033829,6748.515418648137
88,2020,1,9250058.42675324,2939.329934624679,5009.390249333304,13.659634999838943,0.04329602052884444,0.397916542067135,385.4512371666662
88,2021,0,42919751.452078015,105109.44186663798,53801.46372610232,210.38223404900347,0.03952049611645408,0.37040147444633803,16235.674340860243
88,2022,0,19133108.182421766,22847.305714051083,12514.416758627629,38.042670864944604,0.04941741182336803,0.6112068207829984,3548.687263011621
89,2018,1,156192633.12033728,252974.78965758387,133733.86989851928,561.0091379057687,0.04090460651497174,0.6906609278736525,19163.874010970405
89,2019,1,93589374.64867608,185208.71018981945,92959.37932957736,151.04175532073657,0.0739982570582615,0.5891491997101803,23154.221173729933
89,2020,0,14850331.458686689,14747.308059657666,19382.856259711327,109.93060811604873,0.0015106817469023662,0.3734813547941048,1648.6563432535281
89,2021,0,31106695.34061065,35366.91946872367,32317.355897812464,51.98288942477025,0.018389527425609384,0.7055618849667354,6386.52454014643
89,2022,1,19918298.666920166,27502.37286687334,16796.801724616187,137.78766786270208,0.017965912352624208,0.6179773535818642,3979.946434325674
90,2018,1,44808969.0674981,85749.15966600757,55535.908097471976,172.35062241769185,0.07850922775920727,0.49408285306349775,11136.724415385728
90,2019,0,90018319.84613654,137670.0754452325,188371.39240326305,1103.8765588188958,0.10131840117745776,0.6370651477680315,9266.462136473701
90,2020,0,20534086.925147593,31622.706865649827,18345.30100003746,163.65314288641693,0.04686652344387586,0.4299524896214164,4453.921759403259
90,2021,1,56567948.85450408,91722.16490910252,109628.8466932949,751.8232644599848,0.04493534830429968,0.47259610424710524,6198.637640174117
90,2022,0,28930194.58505565,26482.433155516785,31687.921371120512,183.6828412804068,0.052101564893395444,0.7587429215659951,2663.629247328952
91,2018,0,22278126.3536115,30185.269585444727,23122.295432835646,90.6163631582025,0.08485634907824571,0.4452522528357102,2156.021961677519
91,2019,0,19717866.583965197,73162.82343110058,52657.47948964531,210.47285215151774,0.022179405974282782,0.5349941340789683,11253.250477339288
91,2020,0,40195639.6474139,23685.405520709788,17286.985481933418,121.44768695562773,0.05715106948204356,0.7450705686980073,1917.0450193924205
91,2021,0,38703501.65454685,19633.579407823927,30810.80852640275,306.4829460907144,0.0792559288934729,0.6538606751337637,2135.7192884192796
91,2022,1,20583546.84248012,25829.903280022107,14222.016902144784,98.93621020300185,0.06503282509819536,0.33110161308235136,4761.774095438361
92,2018,1,249404557.69487944,568371.3987430984,632648.4398125341,3808.575718584583,0.055687448497962304,0.37365152213948516,45837.70822994551
92,2019,1,32774026.89138129,43365.75477137523,62462.16312275759,473.2042653293663,0.08003138277701424,0.3039207953859584,5471.490219863601
92,2020,0,50736267.824885115,47398.695203994954,25856.812643271525,134.11542186003817,-0.031096968789977114,0.6154608951145817,5350.874211491887
92,2021,0,117364348.80007032,149656.20222249287,77402.61874197147,119.29919207316995,0.07033625958592724,0.5238367127052092,7889.666383898917
92,2022,0,52140468.25219985,93826.5639071173,52323.78571078731,317.11726860947135,0.03037772950617729,0.36713742545113776,15848.59366625966
93,2018,0,61174602.90866422,78733.67340251085,45928.28699177167,441.7670870678325,-0.004918986905693701,0.7789670605283852,4752.119345758651
93,2019,0,92922929.59531593,185530.52431311263,125116.43216310436,322.5159404224668,0.06533607798574942,0.5648298619728099,22474.8436206527
93,2020,1,74889728.77245925,197085.28818816214,148599.38194282347,1071.4080847641105,0.09120975635488873,0.4209466470564446,26429.48091024166
93,2021,0,25104992.80109752,19972.767501805887,31678.66240166661,88.96645679503315,0.04587654456116925,0.5503017855773538,2881.350701582323
93,2022,0,31872219.91893271,33382.579425936376,30001.963581720847,174.6849076624736,0.07858623641608817,0.639810166367554,5117.373980384139
94,2018,0,34074622.66747912,45583.17595442703,43042.27121970882,80.49283691598248,0.09836834773965936,0.3381196089867822,4010.902741098309
94,2019,1,6435888.507454106,3363.52808965044,3780.813973426523,19.105732534697715,0.08944743360752141,0.437351907523946,173.2109888211784
94,2020,0,14533297.391638873,15404.843560048954,9718.34606798902,75.85625829512846,0.09919893588114179,0.7034827454419967,2441.9226444653928
94,2021,0,156340560.28145033,384012.8393814328,308738.25352376583,1274.515881836995,0.07226382473215677,0.5298324352013306,50055.49371640158
94,2022,0,178902023.6789841,267922.6034716071,431042.1914118119,3010.4872527772086,0.052263009167047784,0.5732885710161475,46998.35495137835
95,2018,1,27658080.839510944,36870.17388582937,44407.193565252004,362.32049698760665,0.0019410256430849523,0.5164080011047346,6386.218459483267
95,2019,0,69274485.11859342,182369.3701690236,119595.24422067983,1117.569764030463,0.042618125356101544,0.32194997132150255,32187.99781843107
95,2020,1,44828230.766371675,53426.35661948149,86985.8016986499,270.68056812058165,0.024702602140514254,0.38287488991007795,6558.84387571503
95,2021,1,1117467110.263592,4280056.638078343,2408842.669852994,11065.845620628977,0.11512828152493441,0.5227708193709455,428195.09644186805
95,2022,0,69179097.41473906,285156.16337314347,229461.35206682672,544.2236125257243,0.044723425627029904,0.4045927327039639,48115.46318928166
96,2018,0,64265961.97147244,62697.11361158642,51354.04011331398,510.0663783481059,0.05369614420353457,0.32498951432983936,7379.081422104619
96,2019,0,35282997.19393697,26414.17100898428,19021.999776247212,177.72270961617932,0.06654456128121403,0.7218248320259119,2047.5295823588142
96,2020,0,12869429.902521454,15130.02185270254,8710.325288378464,51.03914550708568,0.05130807339117362,0.7905962645820579,2696.8674325538327
96,2021,1,30524083.567772612,78091.60097148783,76431.97152227712,655.6563545115674,0.10085153121292259,0.6965714369983698,14242.657108127136
96,2022,1,28900928.54362067,36648.57324807566,24158.199026348517,137.42685752006602,0.03132051914796645,0.7268924608523335,4395.866750533082
97,2018,0,15338318.52900555,14652.42372490653,10864.93107040156,71.84187072015183,0.055838223657117284,0.4209885651585227,898.9988583057593
97,2019,1,20434755.42188869,24818.74551629545,27559.77438873812,49.66601756351453,0.027725882429058556,0.7803134877565998,2684.740830349008
97,2020,0,18934107.911861744,29728.13333225342,16352.603443419057,127.50834255377701,0.010399324663378832,0.3984628522267142,5069.557868311339
97,2021,1,405929630.08450484,769060.1568135205,453418.1114390163,974.5865704356894,0.03164692727284144,0.7757149051809161,142480.77921129446
97,2022,0,134826431.1786241,256576.99058287227,172468.12371837115,1454.701132005584,0.04888889608854764,0.7974096469829755,20659.81311949514
98,2018,0,41070149.572460674,105316.4319233155,59304.04709234684,476.70092194102943,0.0371209332644822,0.6558614028730243,6323.834873893484
98,2019,1,117451403.7016608,636820.076464205,353604.015830566,2609.1387577154005,0.029227370603784324,0.7905718658959109,115648.16122070415
98,2020,1,59169054.63883762,102657.91529764734,65699.19614599942,87.08056754129234,0.007810476089844989,0.5847698897835518,11129.220651209205
98,2021,1,28482465.22049682,37392.44895752731,21299.92772301509,79.40943637490211,0.04750683282113916,0.42977089158804516,4908.287828409711
98,2022,1,254600680.12092623,575821.9932081985,372409.33556628536,1254.2795316229988,0.004858388779069939,0.5184979428328105,112406.13747817712
99,2018,1,70834680.1857433,173779.28519887876,114312.59685569271,484.82574849883594,0.07280167891068808,0.596780467689393,10424.099885402664
99,2019,0,25480052.78267426,24625.09689696464,17245.467163674013,30.848428166723785,0.0524731925880351,0.3365407810135075,3625.9889078814667
99,2020,0,81675463.5722274,77621.98131392787,47647.888066209096,449.44444133709646,0.0062734550160520874,0.611171632308623,4743.930524651453
99,2021,0,28017606.00696311,15449.339166013233,20936.6836077443,125.28972426323817,0.0407237276885041,0.7905889183811472,1642.5789816274407
99,2022,0,16918740.219629344,20747.77363530134,11391.700271207394,42.71567262445853,0.02743530783228251,0.3950538248918638,3538.993016030517
